{"EntityKeyName":null,"EntityDisplayName":null,"BaseClassName":null,"BaseClassDtoName":null,"BaseClassNameList":null,"Name":"BookSourceDictionary","LowerName":"bookSourceDictionary","SplitName":"book-source-dictionary","NameSplit":["book","source","dictionary"],"Namespace":"BookService.Host.Domain","Properties":[{"Checked":true,"EditChecked":true,"ListChecked":true,"FieldName":"Id","FieldDisplayName":"Id","Required":false,"MinLength":null,"MaxLength":null,"RegularExpression":null,"FieldTypeStr":"uint","FieldType":null,"CtrlTypes":["Text","Checkbox","Textarea","DatePicker","DateTimePicker","DropdownList"],"CtrlTypeIndex":0,"IsCollection":false,"FieldNameFirstLower":"id","ContrlType":"Text","AttributesList":[],"IsSimpleProperty":true,"IsRelation":false,"RelatedEntityName":null},{"Checked":true,"EditChecked":true,"ListChecked":true,"FieldName":"Resource","FieldDisplayName":"Resource","Required":false,"MinLength":null,"MaxLength":null,"RegularExpression":null,"FieldTypeStr":"string","FieldType":null,"CtrlTypes":["Text","Checkbox","Textarea","DatePicker","DateTimePicker","DropdownList"],"CtrlTypeIndex":0,"IsCollection":false,"FieldNameFirstLower":"resource","ContrlType":"Text","AttributesList":[],"IsSimpleProperty":true,"IsRelation":false,"RelatedEntityName":null}]}