{"EntityKeyName":"uint","EntityDisplayName":null,"BaseClassName":"Entity<uint>","BaseClassDtoName":"EntityDto<uint>","BaseClassNameList":"IAudited,IPassivable","Name":"Book","LowerName":"book","SplitName":"book","NameSplit":["book"],"Namespace":"BookService.Host.Domain","Properties":[{"Checked":true,"EditChecked":true,"ListChecked":true,"FieldName":"Id","FieldDisplayName":"Id","Required":false,"MinLength":null,"MaxLength":null,"RegularExpression":null,"FieldTypeStr":"uint","FieldType":null,"CtrlTypes":["Text","Checkbox","Textarea","DatePicker","DateTimePicker","DropdownList"],"CtrlTypeIndex":0,"IsCollection":false,"FieldNameFirstLower":"id","ContrlType":"Text","AttributesList":[],"IsSimpleProperty":true,"IsRelation":false,"RelatedEntityName":null},{"Checked":true,"EditChecked":true,"ListChecked":true,"FieldName":"Name","FieldDisplayName":"书名","Required":false,"MinLength":null,"MaxLength":null,"RegularExpression":null,"FieldTypeStr":"string","FieldType":null,"CtrlTypes":["Text","Checkbox","Textarea","DatePicker","DateTimePicker","DropdownList"],"CtrlTypeIndex":0,"IsCollection":false,"FieldNameFirstLower":"name","ContrlType":"Text","AttributesList":["[DisplayName(\"书籍名称\"), Required, StringLength(30, MinimumLength = 16)]"],"IsSimpleProperty":true,"IsRelation":false,"RelatedEntityName":null},{"Checked":true,"EditChecked":true,"ListChecked":true,"FieldName":"Author","FieldDisplayName":"作者","Required":false,"MinLength":null,"MaxLength":null,"RegularExpression":null,"FieldTypeStr":"string","FieldType":null,"CtrlTypes":["Text","Checkbox","Textarea","DatePicker","DateTimePicker","DropdownList"],"CtrlTypeIndex":0,"IsCollection":false,"FieldNameFirstLower":"author","ContrlType":"Text","AttributesList":[],"IsSimpleProperty":true,"IsRelation":false,"RelatedEntityName":null},{"Checked":true,"EditChecked":true,"ListChecked":true,"FieldName":"Photo","FieldDisplayName":"缩略图","Required":false,"MinLength":null,"MaxLength":null,"RegularExpression":null,"FieldTypeStr":"string","FieldType":null,"CtrlTypes":["Text","Checkbox","Textarea","DatePicker","DateTimePicker","DropdownList"],"CtrlTypeIndex":0,"IsCollection":false,"FieldNameFirstLower":"photo","ContrlType":"Text","AttributesList":[],"IsSimpleProperty":true,"IsRelation":false,"RelatedEntityName":null},{"Checked":true,"EditChecked":true,"ListChecked":true,"FieldName":"PhotoHd","FieldDisplayName":"高清图","Required":false,"MinLength":null,"MaxLength":null,"RegularExpression":null,"FieldTypeStr":"string","FieldType":null,"CtrlTypes":["Text","Checkbox","Textarea","DatePicker","DateTimePicker","DropdownList"],"CtrlTypeIndex":0,"IsCollection":false,"FieldNameFirstLower":"photoHd","ContrlType":"Text","AttributesList":[],"IsSimpleProperty":true,"IsRelation":false,"RelatedEntityName":null},{"Checked":true,"EditChecked":true,"ListChecked":true,"FieldName":"EntryTime","FieldDisplayName":"加入时间","Required":false,"MinLength":null,"MaxLength":null,"RegularExpression":null,"FieldTypeStr":"DateTime","FieldType":null,"CtrlTypes":["Text","Checkbox","Textarea","DatePicker","DateTimePicker","DropdownList"],"CtrlTypeIndex":4,"IsCollection":false,"FieldNameFirstLower":"entryTime","ContrlType":"DateTimePicker","AttributesList":[],"IsSimpleProperty":true,"IsRelation":false,"RelatedEntityName":null},{"Checked":true,"EditChecked":false,"ListChecked":true,"FieldName":"AverageScore","FieldDisplayName":"平均分","Required":false,"MinLength":null,"MaxLength":null,"RegularExpression":null,"FieldTypeStr":"decimal","FieldType":null,"CtrlTypes":["Text","Checkbox","Textarea","DatePicker","DateTimePicker","DropdownList"],"CtrlTypeIndex":0,"IsCollection":false,"FieldNameFirstLower":"averageScore","ContrlType":"Text","AttributesList":[],"IsSimpleProperty":true,"IsRelation":false,"RelatedEntityName":null},{"Checked":true,"EditChecked":true,"ListChecked":true,"FieldName":"Resource","FieldDisplayName":"书籍来源","Required":false,"MinLength":null,"MaxLength":null,"RegularExpression":null,"FieldTypeStr":"string","FieldType":null,"CtrlTypes":["Text","Checkbox","Textarea","DatePicker","DateTimePicker","DropdownList"],"CtrlTypeIndex":0,"IsCollection":false,"FieldNameFirstLower":"resource","ContrlType":"Text","AttributesList":["[DisplayName(\"书籍来源\")]"],"IsSimpleProperty":true,"IsRelation":false,"RelatedEntityName":null},{"Checked":true,"EditChecked":true,"ListChecked":true,"FieldName":"State","FieldDisplayName":"状态","Required":false,"MinLength":null,"MaxLength":null,"RegularExpression":null,"FieldTypeStr":"byte","FieldType":null,"CtrlTypes":["Text","Checkbox","Textarea","DatePicker","DateTimePicker","DropdownList"],"CtrlTypeIndex":0,"IsCollection":false,"FieldNameFirstLower":"state","ContrlType":"Text","AttributesList":[],"IsSimpleProperty":true,"IsRelation":false,"RelatedEntityName":null},{"Checked":true,"EditChecked":false,"ListChecked":true,"FieldName":"LastComment","FieldDisplayName":"最后评论","Required":false,"MinLength":null,"MaxLength":null,"RegularExpression":null,"FieldTypeStr":"string","FieldType":null,"CtrlTypes":["Text","Checkbox","Textarea","DatePicker","DateTimePicker","DropdownList"],"CtrlTypeIndex":0,"IsCollection":false,"FieldNameFirstLower":"lastComment","ContrlType":"Text","AttributesList":[],"IsSimpleProperty":true,"IsRelation":false,"RelatedEntityName":null},{"Checked":true,"EditChecked":true,"ListChecked":true,"FieldName":"IsActive","FieldDisplayName":"激活状态","Required":false,"MinLength":null,"MaxLength":null,"RegularExpression":null,"FieldTypeStr":"bool","FieldType":null,"CtrlTypes":["Text","Checkbox","Textarea","DatePicker","DateTimePicker","DropdownList"],"CtrlTypeIndex":1,"IsCollection":false,"FieldNameFirstLower":"isActive","ContrlType":"Checkbox","AttributesList":[],"IsSimpleProperty":true,"IsRelation":false,"RelatedEntityName":null},{"Checked":true,"EditChecked":false,"ListChecked":true,"FieldName":"CreatorUserId","FieldDisplayName":"CreatorUserId","Required":false,"MinLength":null,"MaxLength":null,"RegularExpression":null,"FieldTypeStr":"long?","FieldType":null,"CtrlTypes":["Text","Checkbox","Textarea","DatePicker","DateTimePicker","DropdownList"],"CtrlTypeIndex":0,"IsCollection":false,"FieldNameFirstLower":"creatorUserId","ContrlType":"Text","AttributesList":[],"IsSimpleProperty":true,"IsRelation":false,"RelatedEntityName":null},{"Checked":true,"EditChecked":true,"ListChecked":true,"FieldName":"CreationTime","FieldDisplayName":"CreationTime","Required":false,"MinLength":null,"MaxLength":null,"RegularExpression":null,"FieldTypeStr":"DateTime","FieldType":null,"CtrlTypes":["Text","Checkbox","Textarea","DatePicker","DateTimePicker","DropdownList"],"CtrlTypeIndex":4,"IsCollection":false,"FieldNameFirstLower":"creationTime","ContrlType":"DateTimePicker","AttributesList":[],"IsSimpleProperty":true,"IsRelation":false,"RelatedEntityName":null},{"Checked":true,"EditChecked":false,"ListChecked":true,"FieldName":"LastModifierUserId","FieldDisplayName":"LastModifierUserId","Required":false,"MinLength":null,"MaxLength":null,"RegularExpression":null,"FieldTypeStr":"long?","FieldType":null,"CtrlTypes":["Text","Checkbox","Textarea","DatePicker","DateTimePicker","DropdownList"],"CtrlTypeIndex":0,"IsCollection":false,"FieldNameFirstLower":"lastModifierUserId","ContrlType":"Text","AttributesList":[],"IsSimpleProperty":true,"IsRelation":false,"RelatedEntityName":null},{"Checked":true,"EditChecked":false,"ListChecked":true,"FieldName":"LastModificationTime","FieldDisplayName":"LastModificationTime","Required":false,"MinLength":null,"MaxLength":null,"RegularExpression":null,"FieldTypeStr":"DateTime?","FieldType":null,"CtrlTypes":["Text","Checkbox","Textarea","DatePicker","DateTimePicker","DropdownList"],"CtrlTypeIndex":0,"IsCollection":false,"FieldNameFirstLower":"lastModificationTime","ContrlType":"Text","AttributesList":[],"IsSimpleProperty":true,"IsRelation":false,"RelatedEntityName":null}]}