{"EntityKeyName":"int","EntityDisplayName":"图书常用语","BaseClassName":"Phrasebook","BaseClassDtoName":"PhrasebookDto","BaseClassNameList":"","Name":"BookPhrasebook","LowerName":"bookPhrasebook","SplitName":"book-phrasebook","NameSplit":["book","phrasebook"],"Namespace":"BookService.Host.Domain","Properties":[{"Checked":true,"EditChecked":true,"ListChecked":true,"FieldName":"BookId","FieldDisplayName":"BookId","Required":false,"MinLength":null,"MaxLength":null,"RegularExpression":null,"FieldTypeStr":"uint?","FieldType":null,"CtrlTypes":["Text","Checkbox","Textarea","DatePicker","DateTimePicker","DropdownList"],"CtrlTypeIndex":0,"IsCollection":false,"FieldNameFirstLower":"bookId","ContrlType":"Text","AttributesList":[],"IsSimpleProperty":true,"IsRelation":false,"RelatedEntityName":null},{"Checked":true,"EditChecked":true,"ListChecked":true,"FieldName":"Id","FieldDisplayName":"Id","Required":false,"MinLength":null,"MaxLength":null,"RegularExpression":null,"FieldTypeStr":"uint","FieldType":null,"CtrlTypes":["Text","Checkbox","Textarea","DatePicker","DateTimePicker","DropdownList"],"CtrlTypeIndex":0,"IsCollection":false,"FieldNameFirstLower":"id","ContrlType":"Text","AttributesList":[],"IsSimpleProperty":true,"IsRelation":false,"RelatedEntityName":null},{"Checked":true,"EditChecked":true,"ListChecked":true,"FieldName":"TagId","FieldDisplayName":"TagId","Required":false,"MinLength":null,"MaxLength":null,"RegularExpression":null,"FieldTypeStr":"uint?","FieldType":null,"CtrlTypes":["Text","Checkbox","Textarea","DatePicker","DateTimePicker","DropdownList"],"CtrlTypeIndex":0,"IsCollection":false,"FieldNameFirstLower":"tagId","ContrlType":"Text","AttributesList":[],"IsSimpleProperty":true,"IsRelation":false,"RelatedEntityName":null},{"Checked":true,"EditChecked":true,"ListChecked":true,"FieldName":"TagName","FieldDisplayName":"Tag名","Required":false,"MinLength":null,"MaxLength":null,"RegularExpression":null,"FieldTypeStr":"string","FieldType":null,"CtrlTypes":["Text","Checkbox","Textarea","DatePicker","DateTimePicker","DropdownList"],"CtrlTypeIndex":0,"IsCollection":false,"FieldNameFirstLower":"tagName","ContrlType":"Text","AttributesList":[],"IsSimpleProperty":true,"IsRelation":false,"RelatedEntityName":null},{"Checked":true,"EditChecked":true,"ListChecked":true,"FieldName":"Phrase","FieldDisplayName":"常用语","Required":false,"MinLength":null,"MaxLength":null,"RegularExpression":null,"FieldTypeStr":"string","FieldType":null,"CtrlTypes":["Text","Checkbox","Textarea","DatePicker","DateTimePicker","DropdownList"],"CtrlTypeIndex":0,"IsCollection":false,"FieldNameFirstLower":"phrase","ContrlType":"Text","AttributesList":[],"IsSimpleProperty":true,"IsRelation":false,"RelatedEntityName":null},{"Checked":true,"EditChecked":true,"ListChecked":true,"FieldName":"Description","FieldDisplayName":"简介","Required":false,"MinLength":null,"MaxLength":null,"RegularExpression":null,"FieldTypeStr":"string","FieldType":null,"CtrlTypes":["Text","Checkbox","Textarea","DatePicker","DateTimePicker","DropdownList"],"CtrlTypeIndex":0,"IsCollection":false,"FieldNameFirstLower":"description","ContrlType":"Text","AttributesList":[],"IsSimpleProperty":true,"IsRelation":false,"RelatedEntityName":null},{"Checked":true,"EditChecked":true,"ListChecked":true,"FieldName":"IsActive","FieldDisplayName":"激活状态","Required":false,"MinLength":null,"MaxLength":null,"RegularExpression":null,"FieldTypeStr":"bool","FieldType":null,"CtrlTypes":["Text","Checkbox","Textarea","DatePicker","DateTimePicker","DropdownList"],"CtrlTypeIndex":1,"IsCollection":false,"FieldNameFirstLower":"isActive","ContrlType":"Checkbox","AttributesList":[],"IsSimpleProperty":true,"IsRelation":false,"RelatedEntityName":null},{"Checked":true,"EditChecked":false,"ListChecked":true,"FieldName":"CreatorUserId","FieldDisplayName":"CreatorUserId","Required":false,"MinLength":null,"MaxLength":null,"RegularExpression":null,"FieldTypeStr":"long?","FieldType":null,"CtrlTypes":["Text","Checkbox","Textarea","DatePicker","DateTimePicker","DropdownList"],"CtrlTypeIndex":0,"IsCollection":false,"FieldNameFirstLower":"creatorUserId","ContrlType":"Text","AttributesList":[],"IsSimpleProperty":true,"IsRelation":false,"RelatedEntityName":null},{"Checked":true,"EditChecked":false,"ListChecked":true,"FieldName":"CreationTime","FieldDisplayName":"CreationTime","Required":false,"MinLength":null,"MaxLength":null,"RegularExpression":null,"FieldTypeStr":"DateTime","FieldType":null,"CtrlTypes":["Text","Checkbox","Textarea","DatePicker","DateTimePicker","DropdownList"],"CtrlTypeIndex":4,"IsCollection":false,"FieldNameFirstLower":"creationTime","ContrlType":"DateTimePicker","AttributesList":[],"IsSimpleProperty":true,"IsRelation":false,"RelatedEntityName":null},{"Checked":true,"EditChecked":false,"ListChecked":true,"FieldName":"IsDeleted","FieldDisplayName":"IsDeleted","Required":false,"MinLength":null,"MaxLength":null,"RegularExpression":null,"FieldTypeStr":"bool","FieldType":null,"CtrlTypes":["Text","Checkbox","Textarea","DatePicker","DateTimePicker","DropdownList"],"CtrlTypeIndex":1,"IsCollection":false,"FieldNameFirstLower":"isDeleted","ContrlType":"Checkbox","AttributesList":[],"IsSimpleProperty":true,"IsRelation":false,"RelatedEntityName":null},{"Checked":true,"EditChecked":false,"ListChecked":true,"FieldName":"DeleterUserId","FieldDisplayName":"DeleterUserId","Required":false,"MinLength":null,"MaxLength":null,"RegularExpression":null,"FieldTypeStr":"long?","FieldType":null,"CtrlTypes":["Text","Checkbox","Textarea","DatePicker","DateTimePicker","DropdownList"],"CtrlTypeIndex":0,"IsCollection":false,"FieldNameFirstLower":"deleterUserId","ContrlType":"Text","AttributesList":[],"IsSimpleProperty":true,"IsRelation":false,"RelatedEntityName":null},{"Checked":true,"EditChecked":false,"ListChecked":true,"FieldName":"DeletionTime","FieldDisplayName":"DeletionTime","Required":false,"MinLength":null,"MaxLength":null,"RegularExpression":null,"FieldTypeStr":"DateTime?","FieldType":null,"CtrlTypes":["Text","Checkbox","Textarea","DatePicker","DateTimePicker","DropdownList"],"CtrlTypeIndex":0,"IsCollection":false,"FieldNameFirstLower":"deletionTime","ContrlType":"Text","AttributesList":[],"IsSimpleProperty":true,"IsRelation":false,"RelatedEntityName":null}]}