{"EntityKeyName":"long","EntityDisplayName":null,"BaseClassName":"Entity<long>","BaseClassDtoName":"EntityDto<long>","BaseClassNameList":"IFullAudited,IPassivable","Name":"MemberInfo","LowerName":"memberInfo","SplitName":"member-info","NameSplit":["member","info"],"Namespace":"Research.Member.Members","Properties":[{"Checked":true,"EditChecked":true,"ListChecked":true,"FieldName":"Id","FieldDisplayName":"Id","Required":false,"MinLength":null,"MaxLength":null,"RegularExpression":null,"FieldTypeStr":"long","FieldType":null,"CtrlTypes":["Text","Checkbox","Textarea","DatePicker","DateTimePicker","DropdownList"],"CtrlTypeIndex":0,"IsCollection":false,"FieldNameFirstLower":"id","ContrlType":"Text","AttributesList":[],"IsSimpleProperty":true,"IsRelation":false,"RelatedEntityName":null},{"Checked":true,"EditChecked":true,"ListChecked":true,"FieldName":"Account","FieldDisplayName":"Account","Required":false,"MinLength":8,"MaxLength":50,"RegularExpression":null,"FieldTypeStr":"string","FieldType":null,"CtrlTypes":["Text","Checkbox","Textarea","DatePicker","DateTimePicker","DropdownList"],"CtrlTypeIndex":0,"IsCollection":false,"FieldNameFirstLower":"account","ContrlType":"Text","AttributesList":[],"IsSimpleProperty":true,"IsRelation":false,"RelatedEntityName":null},{"Checked":true,"EditChecked":true,"ListChecked":true,"FieldName":"Name","FieldDisplayName":"Name","Required":true,"MinLength":8,"MaxLength":50,"RegularExpression":null,"FieldTypeStr":"string","FieldType":null,"CtrlTypes":["Text","Checkbox","Textarea","DatePicker","DateTimePicker","DropdownList"],"CtrlTypeIndex":0,"IsCollection":false,"FieldNameFirstLower":"name","ContrlType":"Text","AttributesList":[],"IsSimpleProperty":true,"IsRelation":false,"RelatedEntityName":null},{"Checked":true,"EditChecked":true,"ListChecked":true,"FieldName":"Photo","FieldDisplayName":"Photo","Required":false,"MinLength":null,"MaxLength":null,"RegularExpression":null,"FieldTypeStr":"string","FieldType":null,"CtrlTypes":["Text","Checkbox","Textarea","DatePicker","DateTimePicker","DropdownList"],"CtrlTypeIndex":0,"IsCollection":false,"FieldNameFirstLower":"photo","ContrlType":"Text","AttributesList":[],"IsSimpleProperty":true,"IsRelation":false,"RelatedEntityName":null},{"Checked":true,"EditChecked":true,"ListChecked":true,"FieldName":"PhotoHd","FieldDisplayName":"PhotoHd","Required":false,"MinLength":null,"MaxLength":null,"RegularExpression":null,"FieldTypeStr":"string","FieldType":null,"CtrlTypes":["Text","Checkbox","Textarea","DatePicker","DateTimePicker","DropdownList"],"CtrlTypeIndex":0,"IsCollection":false,"FieldNameFirstLower":"photoHd","ContrlType":"Text","AttributesList":[],"IsSimpleProperty":true,"IsRelation":false,"RelatedEntityName":null},{"Checked":true,"EditChecked":true,"ListChecked":true,"FieldName":"ArtPhoto","FieldDisplayName":"ArtPhoto","Required":false,"MinLength":null,"MaxLength":null,"RegularExpression":null,"FieldTypeStr":"string","FieldType":null,"CtrlTypes":["Text","Checkbox","Textarea","DatePicker","DateTimePicker","DropdownList"],"CtrlTypeIndex":0,"IsCollection":false,"FieldNameFirstLower":"artPhoto","ContrlType":"Text","AttributesList":[],"IsSimpleProperty":true,"IsRelation":false,"RelatedEntityName":null},{"Checked":true,"EditChecked":true,"ListChecked":true,"FieldName":"Gender","FieldDisplayName":"Gender","Required":false,"MinLength":null,"MaxLength":null,"RegularExpression":null,"FieldTypeStr":"bool","FieldType":null,"CtrlTypes":["Text","Checkbox","Textarea","DatePicker","DateTimePicker","DropdownList"],"CtrlTypeIndex":1,"IsCollection":false,"FieldNameFirstLower":"gender","ContrlType":"Checkbox","AttributesList":[],"IsSimpleProperty":true,"IsRelation":false,"RelatedEntityName":null},{"Checked":true,"EditChecked":true,"ListChecked":true,"FieldName":"Phone","FieldDisplayName":"Phone","Required":false,"MinLength":null,"MaxLength":null,"RegularExpression":null,"FieldTypeStr":"string","FieldType":null,"CtrlTypes":["Text","Checkbox","Textarea","DatePicker","DateTimePicker","DropdownList"],"CtrlTypeIndex":0,"IsCollection":false,"FieldNameFirstLower":"phone","ContrlType":"Text","AttributesList":[],"IsSimpleProperty":true,"IsRelation":false,"RelatedEntityName":null},{"Checked":true,"EditChecked":true,"ListChecked":true,"FieldName":"Qq","FieldDisplayName":"Qq","Required":false,"MinLength":null,"MaxLength":null,"RegularExpression":null,"FieldTypeStr":"string","FieldType":null,"CtrlTypes":["Text","Checkbox","Textarea","DatePicker","DateTimePicker","DropdownList"],"CtrlTypeIndex":0,"IsCollection":false,"FieldNameFirstLower":"qq","ContrlType":"Text","AttributesList":[],"IsSimpleProperty":true,"IsRelation":false,"RelatedEntityName":null},{"Checked":true,"EditChecked":true,"ListChecked":true,"FieldName":"WeChat","FieldDisplayName":"WeChat","Required":false,"MinLength":null,"MaxLength":null,"RegularExpression":null,"FieldTypeStr":"string","FieldType":null,"CtrlTypes":["Text","Checkbox","Textarea","DatePicker","DateTimePicker","DropdownList"],"CtrlTypeIndex":0,"IsCollection":false,"FieldNameFirstLower":"weChat","ContrlType":"Text","AttributesList":[],"IsSimpleProperty":true,"IsRelation":false,"RelatedEntityName":null},{"Checked":true,"EditChecked":true,"ListChecked":true,"FieldName":"EntryTime","FieldDisplayName":"EntryTime","Required":true,"MinLength":null,"MaxLength":null,"RegularExpression":null,"FieldTypeStr":"DateTime","FieldType":null,"CtrlTypes":["Text","Checkbox","Textarea","DatePicker","DateTimePicker","DropdownList"],"CtrlTypeIndex":4,"IsCollection":false,"FieldNameFirstLower":"entryTime","ContrlType":"DateTimePicker","AttributesList":[],"IsSimpleProperty":true,"IsRelation":false,"RelatedEntityName":null},{"Checked":true,"EditChecked":true,"ListChecked":true,"FieldName":"Title","FieldDisplayName":"Title","Required":true,"MinLength":null,"MaxLength":null,"RegularExpression":null,"FieldTypeStr":"string","FieldType":null,"CtrlTypes":["Text","Checkbox","Textarea","DatePicker","DateTimePicker","DropdownList"],"CtrlTypeIndex":0,"IsCollection":false,"FieldNameFirstLower":"title","ContrlType":"Text","AttributesList":[],"IsSimpleProperty":true,"IsRelation":false,"RelatedEntityName":null},{"Checked":true,"EditChecked":true,"ListChecked":true,"FieldName":"BirthDay","FieldDisplayName":"BirthDay","Required":true,"MinLength":null,"MaxLength":null,"RegularExpression":null,"FieldTypeStr":"DateTime?","FieldType":null,"CtrlTypes":["Text","Checkbox","Textarea","DatePicker","DateTimePicker","DropdownList"],"CtrlTypeIndex":0,"IsCollection":false,"FieldNameFirstLower":"birthDay","ContrlType":"Text","AttributesList":[],"IsSimpleProperty":true,"IsRelation":false,"RelatedEntityName":null},{"Checked":true,"EditChecked":true,"ListChecked":true,"FieldName":"Remarks","FieldDisplayName":"Remarks","Required":false,"MinLength":null,"MaxLength":null,"RegularExpression":null,"FieldTypeStr":"string","FieldType":null,"CtrlTypes":["Text","Checkbox","Textarea","DatePicker","DateTimePicker","DropdownList"],"CtrlTypeIndex":0,"IsCollection":false,"FieldNameFirstLower":"remarks","ContrlType":"Text","AttributesList":[],"IsSimpleProperty":true,"IsRelation":false,"RelatedEntityName":null},{"Checked":true,"EditChecked":false,"ListChecked":true,"FieldName":"TotalIntegral","FieldDisplayName":"TotalIntegral","Required":false,"MinLength":null,"MaxLength":null,"RegularExpression":null,"FieldTypeStr":"uint","FieldType":null,"CtrlTypes":["Text","Checkbox","Textarea","DatePicker","DateTimePicker","DropdownList"],"CtrlTypeIndex":0,"IsCollection":false,"FieldNameFirstLower":"totalIntegral","ContrlType":"Text","AttributesList":[],"IsSimpleProperty":true,"IsRelation":false,"RelatedEntityName":null},{"Checked":true,"EditChecked":true,"ListChecked":true,"FieldName":"LeaveTime","FieldDisplayName":"LeaveTime","Required":false,"MinLength":null,"MaxLength":null,"RegularExpression":null,"FieldTypeStr":"DateTime?","FieldType":null,"CtrlTypes":["Text","Checkbox","Textarea","DatePicker","DateTimePicker","DropdownList"],"CtrlTypeIndex":0,"IsCollection":false,"FieldNameFirstLower":"leaveTime","ContrlType":"Text","AttributesList":[],"IsSimpleProperty":true,"IsRelation":false,"RelatedEntityName":null},{"Checked":true,"EditChecked":true,"ListChecked":true,"FieldName":"AliasName","FieldDisplayName":"AliasName","Required":true,"MinLength":null,"MaxLength":null,"RegularExpression":null,"FieldTypeStr":"string","FieldType":null,"CtrlTypes":["Text","Checkbox","Textarea","DatePicker","DateTimePicker","DropdownList"],"CtrlTypeIndex":0,"IsCollection":false,"FieldNameFirstLower":"aliasName","ContrlType":"Text","AttributesList":[],"IsSimpleProperty":true,"IsRelation":false,"RelatedEntityName":null},{"Checked":true,"EditChecked":true,"ListChecked":true,"FieldName":"Motto","FieldDisplayName":"Motto","Required":false,"MinLength":null,"MaxLength":null,"RegularExpression":null,"FieldTypeStr":"string","FieldType":null,"CtrlTypes":["Text","Checkbox","Textarea","DatePicker","DateTimePicker","DropdownList"],"CtrlTypeIndex":0,"IsCollection":false,"FieldNameFirstLower":"motto","ContrlType":"Text","AttributesList":[],"IsSimpleProperty":true,"IsRelation":false,"RelatedEntityName":null},{"Checked":true,"EditChecked":false,"ListChecked":true,"FieldName":"LikeCount","FieldDisplayName":"LikeCount","Required":false,"MinLength":null,"MaxLength":null,"RegularExpression":null,"FieldTypeStr":"uint","FieldType":null,"CtrlTypes":["Text","Checkbox","Textarea","DatePicker","DateTimePicker","DropdownList"],"CtrlTypeIndex":0,"IsCollection":false,"FieldNameFirstLower":"likeCount","ContrlType":"Text","AttributesList":[],"IsSimpleProperty":true,"IsRelation":false,"RelatedEntityName":null},{"Checked":true,"EditChecked":false,"ListChecked":true,"FieldName":"DislikeCount","FieldDisplayName":"DislikeCount","Required":false,"MinLength":null,"MaxLength":null,"RegularExpression":null,"FieldTypeStr":"uint","FieldType":null,"CtrlTypes":["Text","Checkbox","Textarea","DatePicker","DateTimePicker","DropdownList"],"CtrlTypeIndex":0,"IsCollection":false,"FieldNameFirstLower":"dislikeCount","ContrlType":"Text","AttributesList":[],"IsSimpleProperty":true,"IsRelation":false,"RelatedEntityName":null},{"Checked":true,"EditChecked":false,"ListChecked":true,"FieldName":"CreatorUserId","FieldDisplayName":"CreatorUserId","Required":false,"MinLength":null,"MaxLength":null,"RegularExpression":null,"FieldTypeStr":"long?","FieldType":null,"CtrlTypes":["Text","Checkbox","Textarea","DatePicker","DateTimePicker","DropdownList"],"CtrlTypeIndex":0,"IsCollection":false,"FieldNameFirstLower":"creatorUserId","ContrlType":"Text","AttributesList":[],"IsSimpleProperty":true,"IsRelation":false,"RelatedEntityName":null},{"Checked":true,"EditChecked":false,"ListChecked":true,"FieldName":"CreationTime","FieldDisplayName":"CreationTime","Required":false,"MinLength":null,"MaxLength":null,"RegularExpression":null,"FieldTypeStr":"DateTime","FieldType":null,"CtrlTypes":["Text","Checkbox","Textarea","DatePicker","DateTimePicker","DropdownList"],"CtrlTypeIndex":4,"IsCollection":false,"FieldNameFirstLower":"creationTime","ContrlType":"DateTimePicker","AttributesList":[],"IsSimpleProperty":true,"IsRelation":false,"RelatedEntityName":null},{"Checked":true,"EditChecked":false,"ListChecked":true,"FieldName":"LastModifierUserId","FieldDisplayName":"LastModifierUserId","Required":false,"MinLength":null,"MaxLength":null,"RegularExpression":null,"FieldTypeStr":"long?","FieldType":null,"CtrlTypes":["Text","Checkbox","Textarea","DatePicker","DateTimePicker","DropdownList"],"CtrlTypeIndex":0,"IsCollection":false,"FieldNameFirstLower":"lastModifierUserId","ContrlType":"Text","AttributesList":[],"IsSimpleProperty":true,"IsRelation":false,"RelatedEntityName":null},{"Checked":true,"EditChecked":false,"ListChecked":true,"FieldName":"LastModificationTime","FieldDisplayName":"LastModificationTime","Required":false,"MinLength":null,"MaxLength":null,"RegularExpression":null,"FieldTypeStr":"DateTime?","FieldType":null,"CtrlTypes":["Text","Checkbox","Textarea","DatePicker","DateTimePicker","DropdownList"],"CtrlTypeIndex":0,"IsCollection":false,"FieldNameFirstLower":"lastModificationTime","ContrlType":"Text","AttributesList":[],"IsSimpleProperty":true,"IsRelation":false,"RelatedEntityName":null},{"Checked":true,"EditChecked":false,"ListChecked":true,"FieldName":"DeleterUserId","FieldDisplayName":"DeleterUserId","Required":false,"MinLength":null,"MaxLength":null,"RegularExpression":null,"FieldTypeStr":"long?","FieldType":null,"CtrlTypes":["Text","Checkbox","Textarea","DatePicker","DateTimePicker","DropdownList"],"CtrlTypeIndex":0,"IsCollection":false,"FieldNameFirstLower":"deleterUserId","ContrlType":"Text","AttributesList":[],"IsSimpleProperty":true,"IsRelation":false,"RelatedEntityName":null},{"Checked":true,"EditChecked":false,"ListChecked":true,"FieldName":"DeletionTime","FieldDisplayName":"DeletionTime","Required":false,"MinLength":null,"MaxLength":null,"RegularExpression":null,"FieldTypeStr":"DateTime?","FieldType":null,"CtrlTypes":["Text","Checkbox","Textarea","DatePicker","DateTimePicker","DropdownList"],"CtrlTypeIndex":0,"IsCollection":false,"FieldNameFirstLower":"deletionTime","ContrlType":"Text","AttributesList":[],"IsSimpleProperty":true,"IsRelation":false,"RelatedEntityName":null},{"Checked":true,"EditChecked":false,"ListChecked":true,"FieldName":"IsDeleted","FieldDisplayName":"IsDeleted","Required":false,"MinLength":null,"MaxLength":null,"RegularExpression":null,"FieldTypeStr":"bool","FieldType":null,"CtrlTypes":["Text","Checkbox","Textarea","DatePicker","DateTimePicker","DropdownList"],"CtrlTypeIndex":1,"IsCollection":false,"FieldNameFirstLower":"isDeleted","ContrlType":"Checkbox","AttributesList":[],"IsSimpleProperty":true,"IsRelation":false,"RelatedEntityName":null},{"Checked":true,"EditChecked":false,"ListChecked":true,"FieldName":"IsActive","FieldDisplayName":"IsActive","Required":false,"MinLength":null,"MaxLength":null,"RegularExpression":null,"FieldTypeStr":"bool","FieldType":null,"CtrlTypes":["Text","Checkbox","Textarea","DatePicker","DateTimePicker","DropdownList"],"CtrlTypeIndex":1,"IsCollection":false,"FieldNameFirstLower":"isActive","ContrlType":"Checkbox","AttributesList":[],"IsSimpleProperty":true,"IsRelation":false,"RelatedEntityName":null}]}